    {
        "parent": "builtin/generated",
         "textures": {
            "layer0": "mainmod:items/itemfour"
        },
        "display": {
            "ground": {
                "rotation": [ 0, 0, 0 ],
                "translation": [ 0, 2, 0],
                "scale":[ 5, 5, 5 ]
            },
            "head": {
                "rotation": [ 0, 180, 0 ],
                "translation": [ 0, 13, 7],
                "scale":[ 10, 10, 10]
            },
            "thirdperson_righthand": {
                "rotation": [ 0, -90, 55 ],
                "translation": [ 0, 4.0, 0.5 ],
                "scale": [ 8.5, 8.5, 8.5 ]
            },
            "thirdperson_lefthand": {
                "rotation": [ 0, 90, -55 ],
                "translation": [ 0, 4.0, 0.5 ],
                "scale": [ 8.5, 8.5, 8.5 ]
            },
            "firstperson_righthand": {
                "rotation": [ 0, -90, 25 ],
                "translation": [ 1.13, 3.2, 1.13 ],
                "scale": [ 6.8, 6.8, 6.8 ]
            },
            "firstperson_lefthand": {
                "rotation": [ 0, 90, -25 ],
                "translation": [ 1.13, 3.2, 1.13 ],
                "scale": [ 6.8, 6.8, 6.8 ]
            },
            "fixed": {
                "rotation": [ 0, 180, 0 ],
                "scale": [ 10, 10, 10 ]
            }
        }
    }